Column,origo_clean,id
1,Batavia,HD000011
2,Laodicenus Asia,HD000033
3,Pannonia,HD000040
4,Serdica,HD000043
5,Batavia,HD000076
6,Batavia,HD000079
7,Da[---],HD000120
8,Germanicopolis in Bithynia,HD000126
9,Singiliensis,HD000127
10,Dertona,HD000129
11,Dertona,HD000129
12,Lucerinus,HD000157
13,Caladunus,HD000171
14,Thrax,HD000192
15,Alandrinus,HD000197
16,Italo,HD000224
17,Igabrensis,HD000267
18,Olisiponensis,HD000335
19,Varvaria,HD000358
20,Igilgili,HD000423
21,Sunucus,HD000432
22,Hemesa,HD000532
23,colonia Agrippinensium,HD000570
24,Arretio,HD000600
25,Trevir,HD000658
26,Brixia,HD000669
27,Autrico,HD000838
28,Colonia Ulpia Sarmizegetusa,HD000871
29,Herculaneus,HD000899
30,[---]ria,HD000946
31,Stobi,HD000976
32,Foro Iuli,HD001061
33,Stobi,HD001064
34,Sarmizegetusa,HD001089
35,Lemava Eritaeco,HD001107
36,Lemava Eritaeco,HD001107
37,Pelagonia,HD001124
38,Vadiniensis,HD001140
39,Vadiniensis,HD001140
40,Vadiniensis,HD001140
41,Vadiniensis,HD001140
42,Vadiniensis,HD001143
43,Segusiavus,HD001200
44,Perusia,HD001280
45,Surus,HD001300
46,Nemes,HD001321
47,Armenius,HD001324
48,Corinthus,HD001339
49,Athenis,HD001389
50,Clunia,HD001404
51,Parma,HD001465
52,Iguvio,HD001533
53,Ara,HD001536
54,Cemenelum,HD001539
55,Pollentia,HD001548
56,Bononia,HD001551
57,Tolosa,HD001554
58,Aenona,HD001557
59,Albintimilium,HD001560
60,Complutum,HD001563
61,Mantua,HD001566
62,Brixia,HD001569
63,Siscia,HD001572
64,Reiis,HD001584
65,Vasione,HD001587
66,Ancona,HD001590
67,Aeduae,HD001622
68,Raetus,HD001648
69,Bracarus castello Durbede,HD001677
70,Celeia,HD001705
71,Mediolanum,HD001707
72,Ticinum,HD001722
73,Betifulum,HD001726
74,Sirmio,HD001737
75,Claudia Calebus,HD001766
76,Curicum,HD001770
77,Siscia,HD001774
78,colonia Catinense,HD001775
79,Iulia Tridentum,HD001818
80,Beneventum,HD001847
81,Emerita,HD001876
82,Corneliensis,HD001909
83,provincia Lugdunensi,HD001914
84,Mediolanum,HD001924
85,Roma,HD001973
86,in Dardania,HD002023
87,Berua,HD002055
88,Vicetia,HD002058
89,Luc,HD002070
90,Scadiesiana vico,HD002091
91,Arausiensis,HD002131
92,Puteolanus,HD002325
93,Bessus,HD002718
94,Veronensis,HD002724
95,Dertona,HD002821
96,Catintaninus,HD002837
97,Camunna,HD002914
98,Cluniensis,HD002934
99,Rusuccuru,HD003017
100,Edebensis,HD003029
101,Aquicaldensis,HD003056
102,Uxamensis Argaelorum,HD003096
103,Arausiensis,HD003108
104,Aesonensis,HD003129
105,Segoviensis,HD003158
106,Patriciensis,HD003159
107,Lugdunum,HD003277
108,Dalmatia,HD003286
109,Cremona,HD003374
110,Cremona,HD003374
111,Bergomi,HD003382
112,Bononia,HD003513
113,Bessus,HD003535
114,Baedronensis,HD003571
115,Dareus,HD003625
116,Cluniensis,HD003652
117,Augusta Bagiennorum,HD003658
118,Nemauso,HD003665
119,Caesaraugusta,HD003667
120,Vienna,HD003697
121,Foro Iuli,HD003700
122,Mutina,HD003703
123,[---]stia,HD003709
124,Taporus,HD003756
125,Florentia,HD003789
126,Septempedanus,HD004023
127,Taporus,HD004070
128,Taporus,HD004073
129,Soliensis,HD004082
130,Aurgitanus,HD004104
131,Italicus,HD004150
132,Alabensis,HD004151
133,Mellariensis,HD004179
134,Mellariensis,HD004182
135,[---]ensis,HD004186
136,Neapolis,HD004229
137,Emerita,HD004235
138,Brixellum,HD004282
139,Camunna,HD004306
140,Calabro Lypias,HD004318
141,Campania,HD004341
142,Belalitanus,HD004390
143,Iader,HD004396
144,Foro Iuli,HD004402
145,Parma,HD004410
146,Ituraeus,HD004420
147,Saguntina,HD004451
148,Addouiesis,HD004467
149,Pelagonia,HD004477
150,Verona,HD004479
151,Pompeianus,HD004481
152,Placentia,HD004496
153,Bononia,HD004515
154,Mevaniola,HD004521
155,Arimini,HD004524
156,Aquincense,HD004548
157,Iuvavo,HD004558
158,Tergeste,HD004567
159,Narbonensis,HD004571
160,Astypalae,HD004576
161,Frentranus,HD004583
162,Avennio,HD004585
163,Camunna,HD004588
164,Tolosa,HD004591
165,Savaria,HD004594
166,Thusdritanus,HD004657
167,Luna,HD004675
168,Saleta,HD004684
169,Viruno,HD004732
170,Icositanus,HD004741
171,Hispanus,HD004826
172,Ulisitanus,HD004841
173,Cremona,HD004853
174,Costobius,HD004867
175,Tolosianus,HD004868
176,Savaria,HD004939
177,Thracia Ulpia Tonzo,HD005031
178,Corinthus,HD005115
179,Urcitano Hispania citerio,HD005151
180,Tergeste,HD005160
181,Opitergio,HD005163
182,Belluno,HD005166
183,Acele,HD005169
184,Acele,HD005172
185,Tridente,HD005175
186,Aegyptus,HD005228
187,Delmata,HD005231
188,Foro Iuli,HD005641
189,Luco Augusti,HD005686
190,Forum Claudi,HD005797
191,Virunum,HD005818
192,[---],HD005824
193,Macedonia,HD005881
194,Heraclea,HD005959
195,Aelia Capitolina,HD006083
196,Parthus Anazarbaeus,HD006086
197,[---]a,HD006087
198,Arabus Bataneus,HD006254
199,Sirmiensis,HD006267
200,Philadelphia,HD006297
201,Britanicianus,HD006493
202,Italo,HD006510
203,Uxamensis,HD006522
204,provincia Baetica Tuccitanus,HD006642
205,Nicopoli Syriae,HD006719
206,Faventia,HD006780
207,Nicaea,HD006830
208,Libycus,HD006908
209,Iuliensis,HD007148
210,Damanitana,HD007151
211,Gallecus,HD007166
212,Antiochia,HD007251
213,Aegyptus,HD007403
214,Galata,HD007409
215,Vadiniensis,HD007554
216,Lepido Regio,HD007778
217,colonia CARAS,HD007944
218,Leptis Magna,HD008142
219,Emona,HD008146
220,Amphipoli,HD008149
221,Apro,HD008182
222,Arcobriga,HD008185
223,Risiniensis,HD008218
224,G(---),HD008218
225,Brixia,HD008242
226,municipio A[---]C(---),HD008266
227,Tebaeus,HD008584
228,Prugia,HD008584
229,,HD008584
230,Smurnaeus,HD008584
231,Punica,HD008584
232,Citio,HD008805
233,Foro Iuli,HD008844
234,Cemenelum,HD008945
235,Macedonia,HD009235
236,Solva,HD009260
237,Ta[-]ncia Norbana,HD009433
238,Hispania citeriore Augusta Bracara,HD009445
239,Savaria,HD009484
240,Mediolanum,HD009598
241,Eravisca,HD009655
242,Ancyra,HD009658
243,Macedo Apeunensis,HD009814
244,Amurio,HD009892
245,Graecus,HD010002
246,Hadrumeto,HD010127
247,Bessus,HD010280
248,Raetus Aelia Augusta,HD010283
249,[---] Aelia [---],HD010286
250,Afer,HD010292
251,Syrus,HD010310
252,Marsacus,HD010313
253,[---],HD010316
254,Frisiavoni,HD010322
255,Marsacus,HD010325
256,Igabrensis,HD010943
257,Igabrensis,HD010943
258,Baedronensis,HD010949
259,Patriciensis,HD010952
260,Patriciensis,HD010952
261,Baedronensis,HD010967
262,Baedronensis,HD010970
263,Baedronensis,HD010985
264,Baedronensis,HD010985
265,Baedronensis,HD010988
266,Baedronensis,HD010988
267,Sidone,HD011199
268,Augusta,HD011202
269,Corduba,HD011205
270,Cantaber,HD011229
271,Osquensis,HD011230
272,Germanus,HD011236
273,Trevir,HD011238
274,Ticino,HD011348
275,Vicetia,HD011351
276,Verona,HD011357
277,Agrippina,HD011457
278,Albanopoli,HD011480
279,Batavia,HD011485
280,Edessitanus,HD011578
281,Eraviscus,HD011587
282,[---] Galatia Ancyra,HD011590
283,Dertona,HD011629
284,Ipscensis,HD011852
285,[---]nia,HD012037
286,Mirobrigensis,HD012065
287,Mirobrigensis,HD012068
288,Gla(---),HD012079
289,Eraviscus,HD012100
290,Ulpia Noviomagi,HD012199
291,vico Vorovo Minore,HD012298
292,Murgiae Risinitano,HD012303
293,Antiochia,HD012310
294,Sirmio,HD012354
295,Claudia Viruno,HD012375
296,Trevir,HD012552
297,Celeia,HD012680
298,Cappadocia,HD012731
299,Namnis,HD013168
300,Mogetianae,HD013257
301,Cemenelum,HD013721
302,Starve,HD013835
303,Pannonia,HD014162
304,Arsitanus,HD014199
305,de vico Clablo,HD014254
306,Arsensis,HD014560
307,Tunger,HD014597
308,Delmata,HD014660
309,Eporedia,HD014696
310,Sequanus,HD014803
311,Mursa,HD014851
312,Viruno,HD014857
313,Tyanensi Cappadocia,HD015039
314,Ankyra Galatia,HD015577
315,Gilitanus,HD015603
316,Arretio,HD015612
317,Batavia,HD015841
318,Tusculanum,HD015955
319,Aequum,HD015986
320,Veleia,HD016025
321,Iuvavo,HD016073
322,provincia Italia,HD016237
323,Hierapytna,HD016255
324,Gal(---),HD016280
325,[---],HD016480
326,[---],HD016480
327,Surus  Cirro vico [---],HD016483
328,Claudia Savaria,HD016492
329,Graecus,HD016504
330,Placentinus,HD016507
331,Alandrinus,HD016510
332,[---],HD016519
333,Hispanus,HD016519
334,Gallus,HD016531
335,Romanus,HD016573
336,Thracia,HD016633
337,Ancyra,HD016642
338,Agrippinensi,HD016786
339,oriundus ab Aquis,HD016886
340,[---]ensis,HD016934
341,Philodelphia (Phildelphia),HD016936
342,Pannonia,HD016939
343,Placentia,HD016942
344,Celeia,HD017173
345,Forensis,HD017245
346,Tuccitanus incola Aurgitanus,HD017487
347,Iliturgitana,HD017490
348,Parma,HD017554
349,Bessus,HD017579
350,[---] Classe,HD017830
351,Aquileia,HD017904
352,Bononia,HD017945
353,Beroea,HD018007
354,Ver(---),HD018031
355,Singidunum,HD018317
356,Salona,HD018330
357,Cairacas curia Flacci,HD018331
358,Cretensis,HD018343
359,Tolosa,HD018346
360,Viana,HD018349
361,Verona,HD018355
362,Mediolanum,HD018361
363,colonia Agrippinensium,HD018402
364,Noricum,HD018475
365,vico Lalohona,HD018535
366,Treverorum,HD018778
367,Heraclea,HD018781
368,Felicitas Iulia,HD018782
369,Aquinco,HD018824
370,Aquileiensis Belluno,HD018921
371,Domnonio,HD018969
372,Afer,HD018975
373,Faventia,HD018994
374,Glanate,HD019048
375,vico Rami[---],HD019063
376,Germanus,HD019076
377,Iponobensis,HD019125
378,Patriciensis,HD019125
379,Bononia,HD019187
380,Latio,HD019227
381,Faventia,HD019333
382,nata Ulmo,HD019373
383,Valentinus,HD019422
384,Saguntina,HD019422
385,Brixello / Î<U+0092>Ï�Î¹Î¾á½³Î»Î»Ï<U+0089>,HD019460
386,Virunum,HD019463
387,Pannonia,HD019469
388,Ulpia Traiana,HD019490
389,Victricensis,HD019540
390,Roma,HD019652
391,Ipocensis Co[---]ensis,HD019764
392,Mursa,HD019768
393,Venafro,HD019853
394,Aurgitanus,HD019963
395,Placentia,HD019982
396,Teurnia,HD019991
397,Durrachio,HD020035
398,Hemesa,HD020042
399,Dulca vico Calan,HD020166
400,Astigi,HD020185
401,Igabrensis,HD020191
402,Seg[---],HD020308
403,Amasia,HD020310
404,Fo[---],HD020317
405,Mediolanum,HD020335
406,Mediolanum,HD020335
407,Batavia,HD020338
408,Trevir,HD020347
409,Aequiculis,HD020422
410,Celeia,HD020446
411,Trevir,HD020587
412,Batava,HD020611
413,Aquileia,HD020668
414,Luco,HD020674
415,Edessa,HD020719
416,Arimini,HD020764
417,[---]a,HD020844
418,Viana,HD020915
419,Florentia,HD020940
420,Ateste,HD020943
421,Ateste,HD020943
422,Runicas,HD020946
423,Focunas,HD020949
424,To[---],HD020952
425,Dacia,HD020955
426,Nicopolis,HD020987
427,Pergamos,HD021008
428,Eraviscus in tate Eraviscorum in Aquinco,HD021141
429,Augusta,HD021193
430,Palmorenus,HD021374
431,Masaiculis,HD021544
432,Bodionticus,HD021711
433,Eguius,HD021799
434,Varcianus,HD021802
435,Claudia Apamia,HD021908
436,Samosata,HD021914
437,Graeco,HD021989
438,Carsulis,HD022033
439,Ruteno,HD022037
440,Alandrinus,HD022067
441,Batavia,HD022239
442,Verona,HD022305
443,Helvetia,HD022352
444,Dalmatia,HD022356
445,[---],HD022377
446,Viruno,HD022626
447,Thyatirenus,HD022629
448,Thyatirenus,HD022629
449,Perburidavensis qui et Buricodavensis,HD022632
450,Genua,HD022647
451,Macedonia,HD022722
452,Suessa,HD022808
453,Foro Corneli,HD022811
454,Araviscam,HD022974
455,Patriciensis,HD023029
456,Patriciensis Sucaeloni,HD023029
457,Dinia,HD023081
458,Thessalonica,HD023084
459,Camulodunum,HD023087
460,Cremona,HD023090
461,Philadelphia,HD023093
462,Augusta,HD023096
463,Dalmatia,HD023171
464,Daca,HD023171
465,Nicomedia,HD023218
466,Nicomedia,HD023218
467,Moecia Pelagonia,HD023233
468,Cremona,HD023339
469,Antiochia,HD023445
470,Tergeste,HD023446
471,Urvini,HD023516
472,Claudia Viruno,HD023679
473,Como,HD023694
474,Iuvavo,HD023806
475,Vicetia,HD023816
476,Graeco Mylasei,HD023819
477,Alandrinus,HD023819
478,Salona,HD023829
479,Eporedia,HD023831
480,Bessus,HD023919
481,Tunger,HD024100
482,Urcitanus,HD024110
483,Onubensis,HD024113
484,Armeniacae,HD024322
485,Trevir,HD024409
486,Ubius,HD024463
487,Otobesanus,HD024476
488,Celeia,HD024516
489,Reiis,HD024601
490,Apta,HD024604
491,Augusta,HD024607
492,Tolosa,HD024610
493,Tuccis,HD024613
494,Alba,HD024616
495,Aquis,HD024619
496,Aquis,HD024622
497,Dinace,HD024628
498,Vienna,HD024631
499,Luco,HD024634
500,Firmo,HD024637
501,Alba,HD024640
502,Verona,HD024646
503,Lugdunum,HD024652
504,Opitergio,HD024655
505,Faventia,HD024658
506,Antiochia,HD024661
507,Cyrrho,HD024664
508,Chalcide,HD024667
509,Beryto,HD024670
510,Cyrrho,HD024673
511,Sueba Nicrensis,HD024675
512,Ara Ubiorum,HD024676
513,Apris,HD024679
514,Savaria,HD024682
515,Vienna,HD024685
516,Aqui(---),HD024688
517,Claudia Savaria,HD024694
518,Dacia,HD024697
519,Hierapoli,HD024709
520,Edeta,HD024710
521,Damanitana,HD024713
522,Claudia Viruno,HD024715
523,Traiana,HD024718
524,Aquis,HD024721
525,Sequanus,HD024768
526,Mursa,HD024834
527,Verona,HD024837
528,Africa,HD024870
529,Trachenti origine tate Lasseorum,HD024957
530,Pannonius Sirmi,HD025065
531,Germanus,HD025071
532,Oesci,HD025152
533,Ancyra,HD025155
534,Ilubariensia,HD025193
535,Edetana,HD025250
536,Se[---],HD025253
537,Tribocus,HD025320
538,Savariensis,HD025384
539,Ubius,HD025747
540,Pollentia,HD025909
541,Berea,HD025912
542,Altino,HD025915
543,Surus,HD026026
544,Byllidensis,HD026032
545,Ateste,HD026200
546,Singiliensis Barbensis,HD026324
547,Narbone,HD026378
548,Otobesanus,HD026402
549,Graecus,HD026447
550,Fano Fortunae,HD026814
551,Crustumiae Arniae Thuscia,HD026817
552,Cursicanus,HD026861
553,Sirmio,HD026983
554,Baeterris,HD027186
555,Mediolanum,HD027189
556,Trevir,HD027192
557,Trevir,HD027192
558,Trevir,HD027192
559,Maezaeus,HD027216
560,Pannonia,HD027219
561,Beryto,HD027220
562,Emona,HD027223
563,Mediolanum,HD027229
564,Celeia,HD027418
565,Parma,HD027445
566,Dansala,HD027456
567,Thracia,HD027509
568,Obulconensis,HD027713
569,Tunger,HD027762
570,Cremona,HD027771
571,Reginensis,HD027859
572,Consaburensis,HD027878
573,Dacia,HD028008
574,Brixellum,HD028011
575,Fabia Brixia,HD028033
576,Igabrensis,HD028040
577,Siccaenas,HD028132
578,Cremona,HD028171
579,Beneventum,HD028177
580,Berea,HD028183
581,Aquiflaviens,HD028211
582,Patriciensis,HD028274
583,Haeduus,HD028317
584,Troada,HD028320
585,Epheso,HD028323
586,Brixia,HD028366
587,Syrus,HD028391
588,[---],HD028394
589,[---],HD028397
590,[---],HD028400
591,Obulconensis,HD028436
592,Eporensis,HD028439
593,Asidonensis,HD028442
594,Patriciensis,HD028448
595,Baxonensis,HD028451
596,Patriciensis,HD028454
597,Ta[---],HD028457
598,Palmyra,HD028486
599,Aquileia,HD028516
600,Aquileia,HD028516
601,Cremona,HD028519
602,Sirmio,HD028525
603,Ermundurus,HD028531
604,Foro Iuli,HD028534
605,Bononia,HD028537
606,Patriciensis,HD028745
607,Fabia Ancyra,HD028849
608,Patriciensis,HD029023
609,Accitana,HD029026
610,Tuccitania,HD029029
611,Mediolanum,HD029175
612,Mentesana,HD029176
613,Savaria,HD029178
614,Andurensis,HD029182
615,Obulconensis,HD029185
616,Ipolcobulculensis,HD029211
617,Uxamensis,HD029217
618,Romana,HD029371
619,Tuccitania,HD029407
620,Vcc[---],HD029410
621,Aiungitana,HD029413
622,Lunensis,HD029425
623,Sosontigitana,HD029437
624,Agilensis,HD029467
625,Aurgitanus,HD029501
626,Ilurconensis,HD029506
627,Est[--]edunensis,HD029509
628,Patriciensis,HD029527
629,Agilensis,HD029539
630,Ipolcobulculensis,HD029542
631,Ipolcobulculensis,HD029545
632,Aurgitanus,HD029573
633,Tuccitanus incola Aurgitanus,HD029576
634,Ucc(---),HD029605
635,Apta,HD029637
636,Parma,HD029640
637,Patriciensis,HD029653
638,Mirobrigensis,HD029657
639,Mirobrigensis,HD029660
640,Mirobrigensis,HD029663
641,[---] Carthaginiensi,HD029709
642,Heraclea,HD029712
643,[---]ensis,HD029759
644,Arsensis,HD029762
645,Claritate Iulia,HD029779
646,Emerita,HD029813
647,Ipolcobulculensis,HD029839
648,Arethusa,HD029856
649,Aurgitanus,HD029876
650,Surus,HD029877
651,Victor(---),HD029885
652,Turi(---),HD029894
653,Turi(---),HD029897
654,Emerita,HD029903
655,Vict(---),HD029915
656,Vict(---),HD029915
657,ortus in provincia Dardania Ulpianensis [---] Dasantis,HD029928
658,Emerita,HD029939
659,Arsensis,HD029942
660,Ateguensis,HD029968
661,Reginensis,HD030002
662,Reginensis,HD030002
663,Noricum,HD030033
664,Traianensis,HD030210
665,Maluginensis,HD030346
666,Ipagrensis,HD030362
667,Ipagrensis,HD030362
668,Pontuficiensis,HD030383
669,Ilurconensis,HD030614
670,Ilurconensis,HD030617
671,Nescaniensis,HD030671
672,Mauretania,HD030696
673,Saborensis,HD030737
674,[---]olensis,HD030740
675,Italicensis,HD030827
676,Astigitanus,HD030830
677,Singiliensis,HD030833
678,Ventipponensis,HD030839
679,Ventipponensis,HD030839
680,Olaurensis,HD030881
681,Olaurensis,HD030884
682,Ostipponensis,HD030887
683,Olaurensis,HD030890
684,Ssitanus,HD030917
685,Caleculensis,HD030920
686,Ilurconensis,HD030929
687,[---]nensis,HD030941
688,Ulisitanus,HD030983
689,Ulisitanus,HD030989
690,Ulisitanus,HD030992
691,Aratispitanus,HD031013
692,Patriciensis,HD031022
693,Singiliensis,HD031154
694,Singiliensis,HD031223
695,Ostipponensis,HD031268
696,Olaurensis,HD031271
697,Olaurensis,HD031274
698,Ventipponensis,HD031277
699,Ostipponensis,HD031331
700,Cordubensis,HD031337
701,Ostipponensis,HD031340
702,Ostipponensis,HD031343
703,de patria Artacia de vico Calso,HD031347
704,Cedripponensis,HD031400
705,Lingauster,HD031407
706,Dardania,HD031416
707,Ventipponensis,HD031487
708,Brixia,HD031512
709,Breuchus,HD031515
710,Tispitana,HD031556
711,Ravenna,HD031659
712,Caesaraugusta,HD031755
713,Isaura,HD031764
714,Tispitanus,HD031775
715,Africa Sufetula,HD031810
716,Obulculensis,HD031814
717,Carrucensis,HD031835
718,Onigitanus,HD031925
719,Anticarienisis,HD031928
720,Nescaniensis,HD031931
721,Carulensis,HD031934
722,Astigitanus,HD031937
723,Narbone,HD031980
724,Phrygia,HD031981
725,Viruno,HD032008
726,Eraviscus,HD032068
727,Savaria,HD032116
728,Raetus,HD032128
729,[---],HD032134
730,Augusta Firma,HD032165
731,Sirmio,HD032212
732,Bassianensi,HD032215
733,Patriciensis,HD032240
734,Obulculensis,HD032252
735,Axati,HD032276
736,Vindobona,HD032409
737,Mopsisto,HD032553
738,Varvaria,HD032616
739,Pannonia,HD032687
740,Salona,HD032727
741,Noricum,HD032731
742,Salona,HD032803
743,Pelagonia,HD032815
744,Beryto,HD032818
745,Smurnaeus,HD032950
746,Bracaraugusta,HD033015
747,Pollentia,HD033045
748,Pollentia,HD033045
749,Mediolanum,HD033267
750,Sirmi,HD033677
751,Inaquiese,HD033796
752,Scardonitana,HD033848
753,Risinii,HD033849
754,Samanna,HD034050
755,Britto,HD034091
756,Alandria,HD034145
757,Verona,HD034154
758,Conana,HD034234
759,Aloro,HD034239
760,Pessinunte,HD034241
761,Velauno,HD034242
762,Elococi,HD034243
763,Augusta,HD034287
764,Conana,HD034293
765,Ninica,HD034294
766,Cao,HD034363
767,Fa(---),HD034384
768,Aug(---) Ne(---),HD034385
769,Como,HD034386
770,Forum Claudi,HD034387
771,Tavia,HD034388
772,Verona,HD034389
773,Brixia,HD034390
774,Cyrrho,HD034391
775,Isinda,HD034434
776,Pasimoae,HD034435
777,Augusta Praetoria,HD034439
778,[---],HD034444
779,Troade,HD034445
780,Dacia,HD034446
781,Salonis,HD034509
782,Mediolanum,HD034618
783,Daco,HD034625
784,Aquileia,HD034678
785,Salona,HD034784
786,Afer,HD034785
787,Salona,HD034797
788,tate Viminacio,HD034916
789,[---]enus,HD035029
790,Saviensis,HD035030
791,Daca,HD035053
792,Siscia,HD035205
793,Batavia,HD035261
794,Celeia,HD035321
795,Î<U+009C>ÎµÎ¹Î»Î·Ï<U+0084>Î¿Ï<U+0080>Î¿Î»Îµá½·Ï<U+0084>Î·Ï<U+0082>,HD035344
796,Salviata,HD035385
797,Florentia,HD035392
798,Verona,HD035397
799,[---],HD035398
800,Vienna,HD035401
801,Bononia,HD035402
802,Scupi,HD035448
803,Liburnia,HD035618
804,Bracara,HD035781
805,Brixia,HD035782
806,urbe Palestina genitum,HD035869
807,Î<U+009A>Î±[Ï<U+0080>]Ï�Î¿Î²á½µÎ»Ï<U+0089>Î½,HD035935
808,Luco Vocontiorum,HD036004
809,Salonis,HD036042
810,Placentia,HD036047
811,Stobis,HD036049
812,Antiochia,HD036062
813,Methymneus,HD036069
814,Gaditanus pago R[---] Hispanus,HD036079
815,Germaniceus vico Abdarmiso,HD036114
816,Tricorniensis,HD036252
817,Luco,HD036253
818,á¼<U+0080>Ï<U+0080>á½¸ á¼�Ï<U+0080>Î¿Î¹Îºá½·Î¿Ï<U+0085> á¼<U+0088>Ï<U+0084>Ï<U+0084>á½±Î»Î¿Ï<U+0085>,HD036382
819,Î¦ÎµÎ½á½µÏ<U+0083>Î¹Î¿Ï<U+0082>,HD036383
820,Î<U+009B>Ï<U+0085>Î´á½·Î±,HD036386
821,á¿¬á½¹Î´Î¹Î¿Ï<U+0082>,HD036387
822,Î�ÎµÏ<U+0083>Î¹Î²Î·Î½á½¹Ï<U+0082>,HD036437
823,Îºá½½Î¼Î·Ï<U+0082> Î<U+009C>Î±Î³,HD036449
824,Mediomatricae,HD036466
825,Hascalone,HD036495
826,Mediomatricae,HD036508
827,Kalagurritanus,HD036612
828,á¼<U+0088>Î½Î±Ï<U+0084>Î¿Î»Î¹Îºá½¹Ï<U+0082>,HD036659
829,á¼<U+0080>Ï<U+0080>' á¼�Ï<U+0080>Î¿Î¹Îºá½·Î¿Ï<U+0085>,HD036668
830,Îºá½½Î¼Î·Ï<U+0082> Îº[--]Ï<U+0080>Ï�Î¿Î½Î±Î½á½³Ï<U+0089>Î½ Ï<U+0084>á¿<U+0086>Ï<U+0082> á¼<U+0088>Ï<U+0080>Î±Î¼á½³Ï<U+0089>Î½,HD036669
831,[---],HD036671
832,á¼<U+0080>Ï<U+0080>á½¸ Îºá½½Î¼Î·Ï<U+0082> Î<U+0091>á¼°Î¿á¿¦Ï<U+0082> á½¥Ï�Î¿Î½ á¼<U+0088>Ï<U+0080>Î±Î¼á½³Ï<U+0089>Î½,HD036673
833,Î£Î±Î¼Î±Ï�Îµá¿<U+0096>Ï<U+0084>Î¹Ï<U+0082>,HD036674
834,Dalmata municipio Magab(---),HD036680
835,municipio Salvio,HD036680
836,á¼¸Î±Î²á½±Î½Ï<U+0084>Ï<U+0089>Î½,HD036758
837,Ara,HD036765
838,Ara,HD036766
839,Helvetia,HD036790
840,Helvetia,HD036791
841,Helvetia,HD036791
842,Vienna,HD036845
843,Hisp(---),HD036909
844,Mediomatricae,HD036957
845,[---]olensis,HD037124
846,Savariensis,HD037263
847,Apamia,HD037292
848,Nicia Bithynica originis orta,HD037297
849,Gerasa,HD037319
850,Hemesa,HD037320
851,Hemesa,HD037325
852,Hemesa,HD037334
853,Zoela,HD037345
854,Prusaeus,HD037367
855,Aquileia,HD037564
856,Surus Hemesa,HD037620
857,Velauno,HD037622
858,Conobariensis,HD037623
859,Africa,HD037627
860,Batavia,HD037653
861,Aelia Mogentiana,HD037783
862,Foro Hadrianensi provincia Germania inferiori,HD037817
863,Siscia,HD037831
864,Antiochia,HD037878
865,Augusta Treverorum,HD037879
866,Ituraeus,HD037991
867,Batavo,HD038113
868,Seugma vico Odia,HD038196
869,Hierapuli Surus,HD038250
870,Aquileia,HD038251
871,Eraviscus,HD038422
872,Efeso,HD038452
873,Graeca,HD038462
874,Nico[---],HD038484
875,[---]ia,HD038559
876,Ulpia Poetovione,HD038627
877,Mediomatricae,HD038668
878,Nemes,HD038670
879,Trevir,HD038706
880,Trevir,HD038709
881,Celeia,HD038873
882,Carsulis,HD038874
883,Flavia Solva,HD038886
884,Augusta Treverorum,HD038935
885,Asiae,HD038945
886,Theveste,HD038947
887,Antiquaria,HD038968
888,Claudia Savaria,HD038973
889,Sarmizegetusa,HD038983
890,Iader,HD038986
891,Vianna,HD039341
892,Savaria,HD039409
893,tate Zeugma,HD039414
894,Surus  Doliche,HD039415
895,Sergia Karnunto,HD039420
896,Andautonia,HD039438
897,Nemauso,HD039451
898,Sala,HD039474
899,Savaria,HD039476
900,Siscia,HD039484
901,Iconio,HD039525
902,Archelaide,HD039547
903,Hispanus,HD039659
904,Carthaginensis,HD039712
905,Edessa,HD039722
906,Ubius,HD039734
907,Sinope,HD039805
908,R[---],HD039810
909,Celtianis,HD039822
910,Laranda,HD039866
911,Heraclea,HD039870
912,Heraclea,HD039871
913,Arretio,HD039884
914,Pessinunte,HD039996
915,Verona,HD040089
916,Emona,HD040092
917,[---],HD040101
918,Augusta,HD040156
919,Ancyra,HD040157
920,Graecus  Laodicea,HD040196
921,Antiochia,HD040282
922,Sergia,HD040434
923,Viana,HD040465
924,Salonis,HD040466
925,Salonis,HD040466
926,Lucocadiacus,HD040483
927,Lanciensis,HD040483
928,Aligantiensis,HD040483
929,Ityraeus,HD040533
930,colonia [---],HD040535
931,Siscianus,HD040538
932,Bessus,HD040540
933,Africa,HD040546
934,[---],HD040561
935,Foro Iuli,HD041115
936,Bessus,HD041116
937,Berta,HD041117
938,[s ---]v[---],HD041236
939,Raetus,HD041240
940,Batavia,HD041243
941,Brixia,HD041247
942,Sequanus,HD041254
943,Sappaus,HD041258
944,Segontia,HD041792
945,[---],HD041960
946,Hemesa,HD042011
947,Amastris,HD042012
948,Amastris,HD042014
949,Siscia,HD042036
950,Amasia,HD042037
951,Nicopolis,HD042096
952,Tomitana,HD042111
953,Perintho,HD042119
954,Asitio,HD042132
955,Clunia,HD042145
956,Massacis,HD042254
957,NI[---],HD042316
958,Synaus,HD042325
959,Luca,HD042341
960,Delmata kastello Starvae,HD042349
961,Batavia,HD042350
962,Arimini,HD042372
963,Aspendo,HD042373
964,Brixia,HD042408
965,Nicopolis,HD042409
966,Oesci,HD042414
967,Dam[---],HD042429
968,Trumplia,HD042431
969,Philadelphia,HD042553
970,Oescensis,HD042630
971,Damasco,HD042630
972,[---],HD042667
973,Heraclea,HD042669
974,Ticino,HD042691
975,Singidunum,HD042742
976,Î�ÎµÎ¹ÎºÎµá½»Ï<U+0082>,HD042811
977,Stobis,HD042818
978,Sagalasso,HD042851
979,Ambianesis,HD042886
980,Laurenti Lavinati,HD042972
981,Hadrianopoli,HD043010
982,a vico Clementiano,HD043019
983,Aquileiensis,HD043030
984,Ratiaria,HD043053
985,Capitoliade,HD043061
986,Pessenunto,HD043075
987,Î<U+009A>Î±Ï<U+0080>Ï<U+0080>á½±Î´Î¿Î¾ á½� ÎºÎ±á½¶ Î¦Î¹Î»Î¹Ï<U+0080>Ï<U+0080>Î¿Ï<U+0080>Î¿Î»Îµá½·Ï<U+0084>Î·Ï<U+0082>,HD043084
988,á¼<U+0098>Î¼ÎµÏ<U+0083>Î·Î½á½³,HD043096
989,Ancyra,HD043201
990,Karthagine,HD043203
991,Oesci,HD043204
992,Laodicea Syriae,HD043205
993,Ancyra,HD043209
994,Bithynia,HD043215
995,Faventia,HD043216
996,Platina,HD043220
997,Ulpia Oesci,HD043224
998,[---],HD043249
999,Aquis,HD043331
1000,qui fuit Axiopoli,HD043354
1001,[---],HD043460
1002,Afer,HD043461
1003,Oesci,HD043566
1004,Graecus,HD043577
1005,[---],HD043647
1006,Roma,HD043894
1007,Beryto,HD043956
1008,Bacasitanus,HD044199
1009,Reis Apollinaribus,HD044533
1010,Trinovas,HD044876
1011,Noricum,HD044943
1012,dom Iconio,HD045055
1013,municipio Batavorum,HD045139
1014,Emerita,HD045469
1015,Bithynia,HD045788
1016,Bithynia,HD045789
1017,Lapiaerom,HD045797
1018,Verona,HD045809
1019,Italia,HD045824
1020,Is[---],HD045829
1021,Foro Iuli,HD045993
1022,Aequo,HD046117
1023,Sardias,HD046118
1024,kastello Anso,HD046156
1025,Cremona,HD046295
1026,Placentia,HD046296
1027,Faesulis,HD046297
1028,Caesarea,HD046317
1029,Vindobona,HD046321
1030,Amastris,HD046330
1031,Nemis Sige,HD046617
1032,Viannensis,HD046896
1033,Verona,HD047151
1034,Viminacio,HD047500
1035,Beneventum,HD047677
1036,Bessus,HD048601
1037,Ponticus,HD048602
1038,Palmyra,HD048895
1039,Vienna,HD049078
1040,Rat[---],HD049201
1041,Neapolis,HD050049
1042,Sequanus,HD050376
1043,Roma,HD050401
1044,Philippis,HD050641
1045,Arelate,HD050926
1046,Dertona,HD050928
1047,Remus,HD050929
1048,Raetus,HD051021
1049,Philippis,HD051028
1050,Philippis,HD051029
1051,Philippis,HD051030
1052,Philippis,HD051037
1053,Philippis,HD051082
1054,Philippis,HD051083
1055,Philippis,HD051091
1056,Liburnia,HD051801
1057,Macedonia,HD052093
1058,Nitiobrox,HD052568
1059,Iudeae,HD052913
1060,Î£ÎºÎ¿Ï<U+0084>Ï<U+0085>Ï<U+0083>Ï<U+0083>Î±á¿<U+0096>Î¿Ï<U+0082> á½� ÎºÎ±á½¶ á¼©Ï�Î±ÎºÎ»Îµá½½Ï<U+0084>Î·Ï<U+0082>,HD052914
1061,Ismarniensis,HD053362
1062,Florentia,HD053442
1063,Pessinunte,HD053445
1064,Florentia,HD053693
1065,Î�Î¹ÎºÎ¿Ï<U+0080>Î¿Î»á½·Ï<U+0084>Î·Ï<U+0082>,HD053710
1066,Boius,HD053759
1067,Savaria,HD053766
1068,Philippis,HD053767
1069,Laus,HD053804
1070,á¼<U+0088>Î¼Î±Ï<U+0083>Ï<U+0084>Ï�Î¹Î±Î½á½¹Ï<U+0082>,HD053812
1071,provincia Arabia tate Cilis(---) Saharenus,HD053820
1072,[---],HD053958
1073,Sirmiensis,HD054172
1074,Surus,HD054337
1075,Eporedia,HD054342
1076,Acruvino,HD054431
1077,Amblada,HD054439
1078,Cugernus,HD054440
1079,Cemenelum,HD054442
1080,Armenius,HD054607
1081,Damasco,HD054705
1082,Pisauri,HD054710
1083,Susarrus Curunniace,HD054712
1084,Pelagonia,HD054713
1085,Augusta Troade,HD054720
1086,Anartia,HD054731
1087,Sirmio,HD054737
1088,Ar[---],HD054739
1089,Aquis Stiis,HD054813
1090,Brixia,HD054821
1091,Placentia,HD055081
1092,nata Pannonia superiore territorio Arabonae,HD055354
1093,Pannonia,HD055624
1094,Apro,HD055640
1095,Iader,HD055641
1096,Afer,HD055646
1097,Aequo,HD055677
1098,Savaria,HD055678
1099,Savaria,HD055679
1100,Verona,HD055778
1101,Nertobriga,HD055790
1102,Alba,HD055855
1103,Baeterris,HD055856
1104,Ausone,HD055857
1105,Vercellis,HD055858
1106,Ticini,HD055860
1107,Viruno,HD055861
1108,Augusta Taurinorum,HD055862
1109,Narbone,HD055925
1110,Foro Iuli,HD055926
1111,Tolosa,HD055927
1112,Foro Iuli,HD055928
1113,Corfinio,HD055929
1114,Augusta Taurinorum,HD055930
1115,Viana,HD055931
1116,Narbo,HD055932
1117,Hasta,HD055933
1118,Lugudunum,HD055934
1119,Valentia,HD055935
1120,Foro Fulvi,HD055941
1121,Placentia,HD056022
1122,Cremona,HD056023
1123,Vercellis,HD056025
1124,Viruno,HD056026
1125,Histonio,HD056027
1126,Ara,HD056028
1127,Firmo,HD056029
1128,Pollentia,HD056031
1129,Foro Vibi,HD056037
1130,Veleia,HD056117
1131,Taurinis,HD056121
1132,Tolosa,HD056124
1133,Verona,HD056127
1134,Vardagate,HD056133
1135,Brixia,HD056134
1136,Pollentia,HD056135
1137,Verona,HD056136
1138,Eporedia,HD056137
1139,Ara,HD056139
1140,Lugudunum,HD056158
1141,Pistoriis,HD056160
1142,Hispello,HD056161
1143,Viana,HD056162
1144,Cabellio,HD056164
1145,Placentia,HD056165
1146,Baeterris,HD056169
1147,Bononia,HD056170
1148,Lyc.,HD056177
1149,Aequo Dalmatiae,HD056178
1150,Vercellis,HD056179
1151,Foro Augusti,HD056181
1152,Aquis Stiis,HD056182
1153,Dertona,HD056183
1154,Bononia,HD056184
1155,Mediolanum,HD056185
1156,Vienna,HD056186
1157,Mantua,HD056188
1158,Mediolanum,HD056189
1159,Luco Augusti,HD056191
1160,Laude,HD056192
1161,Eporedia,HD056193
1162,Mediolanum,HD056194
1163,Viruno,HD056196
1164,Narbone,HD056197
1165,Mediomatricae,HD056231
1166,Baeterris,HD056232
1167,Atria,HD056234
1168,Luco Augusti,HD056235
1169,Luco,HD056237
1170,Aquis Stiis,HD056238
1171,Hispello,HD056240
1172,Raetinio,HD056245
1173,Betasius,HD056246
1174,Helvetia,HD056247
1175,Celeia,HD056250
1176,Petrucorius,HD056252
1177,[---],HD056254
1178,Lingauster,HD056255
1179,Tunger,HD056257
1180,Lingauster,HD056259
1181,Doclea,HD056261
1182,Montanus,HD056268
1183,Reguscus,HD056269
1184,Dansala,HD056270
1185,Dansala,HD056272
1186,Daesitias,HD056324
1187,Azinas,HD056329
1188,Bessus,HD056358
1189,Bessus,HD056359
1190,Bodionticus,HD056460
1191,Rhodius,HD056461
1192,Nervia,HD056464
1193,Roma,HD056475
1194,Constantia,HD056521
1195,Salinis,HD056522
1196,[---]nsis,HD056628
1197,Aesonensis,HD056702
1198,Fibularensis,HD056703
1199,Pannonia,HD056729
1200,Siscia,HD056762
1201,Acucensis,HD056786
1202,Lixitanus,HD056929
1203,Tolosa,HD056930
1204,Urcitanus,HD056931
1205,á¿¬Ï<U+0089>Î¼Î±á¿<U+0096>Îµ,HD056985
1206,Salona,HD057034
1207,Iguvio,HD057518
1208,Roma,HD057667
1209,Aquileia,HD057667
1210,Puteolanus,HD057712
1211,Verona,HD057843
1212,Surus,HD057849
1213,Laurens Lavinas,HD057875
1214,Verona,HD058032
1215,Sequanus,HD058085
1216,Batavia,HD058094
1217,Verona,HD058137
1218,Siscia,HD058156
1219,Aquae Statiellae,HD058165
1220,Ateste,HD058166
1221,Amasia,HD058168
1222,Tariae,HD058247
1223,Tarviso,HD058257
1224,Novaria,HD058258
1225,Aquis Statiellis,HD058264
1226,Florentia,HD058267
1227,Bodionticus,HD058278
1228,Florentia,HD058295
1229,Heraclea,HD058296
1230,Feltria,HD058298
1231,Lugudunensis,HD058313
1232,Brixines,HD058332
1233,Varcianus,HD058349
1234,Dalmatia,HD058351
1235,Caturix,HD058363
1236,[---]tino,HD058364
1237,Milyade,HD058380
1238,Milyade,HD058381
1239,Sebastopolis,HD058391
1240,Delmata,HD058392
1241,Arretio,HD058437
1242,Sequanus,HD058468
1243,Florentia,HD058602
1244,Biturix,HD058603
1245,Claudia Savaria,HD058666
1246,Trevir,HD058706
1247,Nemetus,HD058716
1248,Verona,HD058783
1249,Heraclea,HD058787
1250,Me[---]m,HD058806
1251,Haeduus,HD058807
1252,Pessinunte,HD058819
1253,Conanis,HD058840
1254,Clistinna,HD058848
1255,Durrachio,HD058854
1256,Aese,HD058855
1257,Laranda,HD058869
1258,Luca,HD058874
1259,Augusta Bagiennorum,HD058891
1260,Cappadox,HD059882
1261,Lugdunum,HD059883
1262,Ansio,HD059982
1263,Rut(---),HD060106
1264,Luco,HD060142
1265,Ticino,HD060144
1266,Dertona,HD060146
1267,Paraetonio,HD060164
1268,Verona,HD060244
1269,oriundus provincia Mesopotamia Rac[---],HD060363
1270,Arimini,HD060635
1271,Batavia,HD060638
1272,Salona,HD060654
1273,Heuporia,HD060925
1274,Florentia,HD061011
1275,Arelate,HD061018
1276,Hierapoli,HD061033
1277,Valentia,HD061038
1278,Foro Iuli,HD061047
1279,Cyrrho,HD061066
1280,Ulia,HD061103
1281,Reiis,HD061170
1282,Laurens Lavinas,HD061218
1283,Vienna,HD061333
1284,Iuvavo,HD061335
1285,Lugdunum,HD061336
1286,Cremona,HD061350
1287,Como,HD061352
1288,Augusto Nemeto,HD061354
1289,Claudia Aequo,HD061355
1290,Montanus,HD061374
1291,Florentia,HD061409
1292,Foro Iuli,HD061411
1293,Luco Augusti,HD061449
1294,[---],HD061450
1295,Arretio,HD061471
1296,Segontia,HD061473
1297,Cremona,HD061523
1298,Caesaraugusta,HD061543
1299,Dertona,HD061552
1300,Dalmatia,HD061560
1301,Lepido Regio,HD061586
1302,Laranda,HD061590
1303,Eporediensis,HD061593
1304,Faventia,HD061639
1305,Luco Augusti,HD061686
1306,Celeia,HD061926
1307,Celeia,HD061927
1308,Forensis,HD061969
1309,á¼¸Î¿Ï<U+0085>Î´ÎµÎ¿Ï<U+0085>Ï<U+0082> Î¤Î¹Î²ÎµÏ�Î¹Î·Î½Ï<U+0083>Î¹Ï<U+0082>,HD062004
1310,Claudia Viruno,HD062021
1311,Bononia,HD062044
1312,Bononia,HD062171
1313,P[---]i,HD062220
1314,Brundisio,HD062271
1315,Tribocus,HD062295
1316,Trernahensis,HD062415
1317,Arretio,HD062460
1318,Florentia,HD062488
1319,Noricum,HD062523
1320,Vienna,HD062534
1321,Ateste,HD062581
1322,Eduus,HD062690
1323,Ravenna,HD062989
1324,[---],HD062991
1325,Concordiensis,HD063020
1326,Lyris,HD063028
1327,Campania,HD063044
1328,Ravenna,HD063049
1329,Ravenna,HD063049
1330,Salona,HD063059
1331,Salona,HD063072
1332,Biturix,HD063264
1333,Camulodunum,HD063271
1334,Sebaste,HD063317
1335,Batavia,HD063723
1336,Verona,HD063842
1337,Verona,HD063843
1338,Delmata kastello Starvae,HD063866
1339,Heraclea,HD063890
1340,An[---],HD063912
1341,Salona,HD064144
1342,Claternis / Î<U+009A>Î»Î±Ï<U+0084>ÎµÏ�Î½Î±á½·á¿³,HD064176
1343,provincia Hispania,HD064356
1344,Puteolanus,HD064526
1345,Roma,HD065009
1346,Antiochenus Syria,HD065031
1347,Libarna,HD065033
1348,Perintho,HD065053
1349,Sirmese,HD065076
1350,á¼<U+0098>Î´ÎµÏ<U+0083>Ï<U+0083>á½³Î¿Ï<U+0082>,HD065127
1351,regalis Burgundionum,HD065137
1352,Î<U+009C>Î±Ï�Ï<U+0089>Î½Îµá½·Ï<U+0084>Î·Ï<U+0082>,HD065165
1353,Î ÎµÏ�á½·Î½Î¸Î¹Î¿Ï<U+0082>,HD065246
1354,Beroea,HD065346
1355,hic Brigantione,HD065613
1356,Tiberiopolitanus,HD065643
1357,Vasiensis,HD065643
1358,Florentinus,HD065889
1359,Saliniensis,HD066064
1360,Cremona,HD066090
1361,Bodionticus,HD066352
1362,Dalmatia,HD066357
1363,Alabensis,HD066367
1364,Germaniciana,HD066601
1365,[---]nien[---],HD066601
1366,Vicetia,HD066859
1367,Septimia Flavia Siscia,HD066922
1368,Celeia,HD066996
1369,Industria,HD066998
1370,Cremona,HD066999
1371,Epheso,HD067052
1372,Dardania,HD067060
1373,Surus  Zeugma vico Hennia,HD067136
1374,Barathe,HD067136
1375,Surus  Zeugma vico [---],HD067136
1376,Afrus,HD067161
1377,Dertona,HD067181
1378,Surus,HD067543
1379,Mediolanum,HD067623
1380,[---]o,HD067625
1381,Flavia Siscia,HD067677
1382,Flavia Siscia,HD067677
1383,á¼<U+0088>Î¸Î·Î½Î±á¿<U+0096>Î¿Ï<U+0082>,HD067734
1384,Antiochenus / á¼<U+0088>Î½Ï<U+0084>Î¹Î¿Ï<U+0087>Îµá½»Ï<U+0082>,HD067794
1385,Hispanus Tarraconensis,HD067801
1386,Viminacio,HD067804
1387,Cilix,HD068240
1388,Luco Vocontiorum,HD068241
1389,Syria Palaestina colonia Aelia Capitolina,HD068393
1390,Pelagonia,HD068394
1391,Cirpi,HD068397
1392,Thessalonica,HD068399
1393,Thessalonica,HD068401
1394,Ancyra,HD068402
1395,Sirmio,HD068473
1396,Cappadox,HD068503
1397,Aquinco,HD068508
1398,Ammaedara,HD068560
1399,Cilix,HD068562
1400,Italo,HD068563
1401,Luceria Apula,HD068564
1402,Vangio,HD068568
1403,Tunger,HD068569
1404,Sirmio,HD068574
1405,Lugdunum,HD068585
1406,Andautonia,HD068590
1407,[---],HD068595
1408,Mursa,HD068596
1409,Campano Capua,HD068615
1410,Alandria,HD068619
1411,Africa,HD068625
1412,Statiellis,HD068634
1413,Mediolanum,HD068645
1414,colonia Aelia Mursa,HD068653
1415,Antiochiae S<y=V>riae,HD068654
1416,Dacia,HD068660
1417,Nemes,HD068661
1418,Sarmizegetusa,HD068662
1419,Theveste Africa,HD068670
1420,Taurinis,HD068671
1421,Heraclea,HD068673
1422,Aquinco,HD068677
1423,Poetovione,HD068677
1424,Vercellis,HD068698
1425,Foro Iuliensium,HD068699
1426,Vercellis,HD068700
1427,Porolissensium,HD068716
1428,Mursa,HD068719
1429,[---],HD068723
1430,Sirmi,HD068725
1431,Claudia Ara Agrippinensium,HD068730
1432,Ulpia Noviomagus Batavorum,HD068736
1433,Ancyra,HD068738
1434,Dertona,HD068857
1435,Regio,HD068925
1436,Ber(---),HD068926
1437,Claudia Celeia,HD068961
1438,Tacapis,HD068966
1439,Mediolanum,HD068972
1440,Pannonia,HD068990
1441,Rauricus,HD069433
1442,Frisiavus,HD069434
1443,Sequanus,HD069435
1444,Geta,HD069457
1445,Belga,HD069471
1446,Foro Iuli,HD069472
1447,Equester,HD069473
1448,Nicopolis,HD069475
1449,Mediomatricae,HD069478
1450,Domnonio,HD069502
1451,oriundus Nicaea in Bithynia,HD069513
1452,[---]cino,HD069553
1453,Lindensis,HD069554
1454,Grecus,HD069555
1455,Lugdunum,HD069557
1456,Heraclea,HD069558
1457,Hispania Galeria Clunia,HD069559
1458,Savaria,HD069560
1459,Senoni,HD069564
1460,Vicetia,HD069592
1461,Lugdunum,HD069594
1462,Dinia,HD069647
1463,Lugdunum,HD069651
1464,Aprus,HD069748
1465,Aprus,HD069749
1466,Savaria,HD069753
1467,Augusta,HD069755
1468,Aprus,HD069757
1469,Veiis,HD069759
1470,Syrus Osroenus,HD069761
1471,Emerita Augusta,HD069763
1472,Lugdunum,HD069764
1473,Celeia,HD069769
1474,Arelate,HD069771
1475,Emerita,HD069772
1476,Emerita,HD069773
1477,Brixia,HD069774
1478,Claudia Celeia,HD069775
1479,Cremona,HD069779
1480,Oia,HD069782
1481,Corduba,HD069788
1482,Berytus,HD069789
1483,Bessus,HD069793
1484,Taurinis,HD069794
1485,Forum Iuli,HD069797
1486,Virunum,HD069801
1487,Luco,HD069805
1488,Brixia,HD069808
1489,Salaria,HD069812
1490,Savaria,HD069816
1491,Savaria,HD069817
1492,Trevir,HD069875
1493,Cornovia,HD069904
1494,Augusta Vindelicum,HD069934
1495,Vienna,HD069936
1496,Nomentani,HD069939
1497,Novaria,HD069942
1498,Sardinia,HD069949
1499,in Galatia,HD070108
1500,Ulpia Traiana,HD070176
1501,Grecus,HD070191
1502,Raeta,HD070220
1503,Maurum,HD070294
1504,Catuallauna,HD070295
1505,Palmyrenus,HD070295
1506,colonia Flavia,HD070490
1507,Noricum,HD070619
1508,Germanus,HD070668
1509,Pannonia,HD070877
1510,Vianna,HD070985
1511,Salona,HD070987
1512,Dacia,HD071189
1513,nationis Brigans,HD071275
1514,Batavia,HD071547
1515,Arretio,HD071620
1516,Savaria,HD071694
1517,Aemona,HD071695
1518,Caesaraugusta,HD071723
1519,Ratiaria,HD071730
1520,Scordiscus,HD071827
1521,Î<U+0092>Ï<U+0085>Î¶á½±Î½Ï<U+0084>Î¹Î¿Ï<U+0082>,HD072052
1522,Iudaeus,HD072373
1523,Mutina,HD072470
1524,Sirmio,HD072528
1525,Iudaeus,HD072534
1526,Iudaeus,HD072534
1527,Ticini,HD072553
1528,Thracus,HD072609
1529,Savaria,HD072686
1530,Claudia Apro,HD072687
1531,Bononiensis,HD072693
1532,Victricensis,HD072726
1533,Lepido Regio,HD072822
1534,Hippone Regio,HD072942
1535,[---],HD073137
1536,Aequiculis,HD073345
1537,Verona,HD073346
1538,Sirmio,HD073350
1539,Batavia,HD073353
1540,Hierapoli,HD073355
1541,Viruno,HD073356
1542,Sirmio,HD073362
1543,Opitergio,HD073364
1544,Asta,HD073366
1545,Ara,HD073381
1546,Ara,HD073382
1547,Castris,HD073383
1548,Ara Agrippinensium,HD073387
1549,Batavia,HD073389
1550,Savaria,HD073392
1551,Augusta,HD073414
1552,Savaria,HD073416
1553,Naristo,HD073442
1554,Mutina,HD073443
1555,Treverorum,HD073447
1556,Antestia,HD073452
1557,Brixia,HD073457
1558,Calagurri,HD073463
1559,Placentia,HD073464
1560,Savaria,HD073465
1561,Boius,HD073501
1562,Bassianis,HD073524
1563,Dalmatia,HD073533
1564,Vienna,HD073621
1565,Iader,HD073645
1566,Hispano,HD073724
1567,dom[o ---],HD073871
1568,Nicopolis,HD073873
1569,Germania superiore,HD073874
1570,Aelia Capitolina,HD073875
1571,Durocortoro Remorum,HD073876
1572,Haeduus,HD073889
1573,Sarmizegetusa,HD073890
1574,Ticino,HD073921
1575,[---],HD073923
1576,Ara,HD073955
1577,Vienna,HD073964
1578,[---],HD074037
1579,Brixellum,HD074079
1580,Sequanus,HD074091
1581,Mag(---),HD074099
1582,Arimini,HD074129
1583,Undius,HD074134
1584,Derini,HD074195
1585,Elusa,HD074211
1586,Augusta,HD074215
1587,[---]os,HD074217
1588,Dalmatia,HD074219
1589,Claudia Viruno,HD074236
1590,Verona,HD074262
1591,Ant(---),HD074425
1592,Poetovione,HD074432
1593,Savaria,HD074593
1594,Ticino,HD074645
1595,Viminacio,HD074704
1596,Aquileia,HD074728
1597,Sopianensis,HD074779
1598,Sopianensis,HD074779
1599,Trevir,HD075086
1600,Vercellis,HD075087
1601,Mediolanum,HD075090
1602,Norba,HD075091
1603,Bononia,HD075092
1604,Alba,HD075093
1605,Luca,HD075095
1606,Cirtae,HD075220
1607,Trevir,HD075221
1608,provincia Moesia superiore Scupinia Dardania,HD075387
1609,Aquis,HD075408
1610,Nertobriga,HD075424
1611,Nertobriga,HD075425
1612,Vienna,HD075426
1613,Carcasone,HD075428
1614,Taurinis,HD075438
1615,Deci[---],HD075439
1616,Savaria,HD075440
1617,Placentia,HD075451
1618,Taurinis,HD075455
1619,Foro Vibi,HD075456
1620,Viana,HD075463
1621,Viana,HD075466
1622,Aequo,HD075470
1623,Ara,HD075476
1624,Tucci,HD075503
1625,Acele,HD075526
1626,Vercellis,HD075530
1627,Pannonia,HD075562
1628,Concordia,HD075564
1629,Pisauri,HD075574
1630,provincia Ponto Bithynia Tio,HD075583
1631,Nertobriga,HD075585
1632,Tripoli,HD075590
1633,Dalmatia,HD075593
1634,Sidonia,HD075608
1635,Creticus Lappa,HD075609
1636,Daverzus,HD075611
1637,Ditio,HD075612
1638,Breucus,HD075613
1639,Roma,HD075628
1640,Mediolanum,HD075698
1641,Placentia,HD075766
1642,Tander,HD075793
1643,Bononia,HD075795
1644,Helvetia,HD075799
1645,Trevir,HD075803
1646,Termestinus,HD075808
1647,Monte,HD075811
1648,Astigi Agrippinensis,HD075822
1649,Viruno,HD075829
1650,Ateste,HD075839
1651,Marsacus,HD075852
1652,Galata,HD075854
1653,Bessulae,HD075855
1654,Dansala,HD075857
1655,Remus,HD075858
1656,[---]as,HD075859
1657,Bessus,HD075861
1658,Dardania,HD075864
1659,Brittoni,HD075871
1660,[---],HD075872
1661,Cannanefas,HD075873
1662,Marsacus,HD075874
1663,Lugudunum,HD075876
1664,Alandrinus,HD075879
1665,Elaites,HD075880
1666,Trallianus,HD075880
1667,Afer,HD075890
1668,Agrippinensi,HD075892
1669,Agrippinensi,HD075894
1670,Agrippinensi,HD075895
1671,Nervius,HD075896
1672,Batava,HD075896
1673,Brixellum,HD075901
1674,Nervius,HD075902
1675,Remae,HD075903
1676,Teanum Sidicinum,HD075906
1677,Viromanduo,HD075907
1678,Viromanduo,HD075908
1679,[---]ius,HD075910
1680,Nervius,HD075917
1681,[---],HD075986
1682,tate Biturigum,HD076021
1683,Dardania,HD076052
1684,Ambianus,HD076114
1685,Trevir,HD076778
1686,Thrax,HD076827
1687,Î£á½»Ï�Î¿Ï<U+0082>,HD076988
1688,Aequo,HD077315
1689,Aequo,HD077316
1690,Savaria,HD077334
1691,á¼<U+0088>Î½Î±Ï<U+0084>Î¿Î»Î¹Îºá½¹Ï<U+0082>,HD077384
1692,{s} Hispania,HD077390
1693,á¼<U+0080>Ï<U+0080>á½¼ Îºá½½Î¼Î·Ï<U+0082> á¼<U+0088>Î´Î´á½±Î½Ï<U+0089>Î½,HD077406
1694,Viruno,HD077439
1695,Valentia,HD077440
1696,Luco,HD077444
1697,Hasta,HD077446
1698,Vianna,HD077447
1699,Vienna,HD077461
1700,Reiis,HD077462
1701,Bononia,HD077528
1702,Traianensis,HD077529
1703,Faesulis,HD077530
1704,Faventia,HD077531
1705,Viruno,HD077533
1706,Albingaunus,HD077535
1707,Agrippinensi,HD077536
1708,Narbone,HD077597
1709,Taunensis,HD077599
1710,Trevir,HD077729
1711,Cremona,HD078033
1712,Tolosa,HD078035
1713,Ateste,HD078058
1714,Ag[---],HD078125
1715,Alba,HD078211
1716,Pollentia,HD078214
1717,Astur Transmontanus castello Intercatia,HD078215
1718,Mediolanum,HD078217
1719,Biturix,HD078218
1720,Segontiliensis,HD078219
1721,Nemes,HD078221
1722,Luco Augusti,HD078222
1723,Trevir,HD078224
1724,Breucus,HD078227
1725,Taurinis,HD078230
1726,Ticino,HD078231
1727,Tyro,HD078232
1728,Vienna,HD078266
1729,Mediolanum,HD078267
1730,Bononia,HD078279
1731,Remo,HD078346
1732,Graecus,HD078371
1733,Sentio,HD078411
1734,tate Anchealo,HD078506
1735,Haeduus,HD078561
1736,[---]us,HD078563
1737,Trevir,HD078571
1738,Rauracus,HD078622
1739,Camppili,HD078712
1740,Viana,HD078743
1741,Gabaletana,HD078768
1742,Aequo,HD079049
1743,Mediolanum,HD079194
1744,Luco Augusti,HD079346
1745,Sirmiensis,HD079762
1746,Tertius,HD080112
1747,Placentia,HD080290
1748,Lydus,HD080329
1749,Luco Augusti,HD080405
1750,Augusto Nemeto,HD080425
1751,Verona,HD080426
1752,Bononia,HD080428
1753,Vienna,HD080429
1754,Foro Corneli,HD080430
1755,Cremona,HD080431
1756,Forum Claudi,HD080432
1757,Vienna,HD080448
1758,Pollentia,HD080449
1759,Brixia,HD080450
1760,Verona,HD080473
1761,Ubia,HD080474
1762,Suebi,HD080484
1763,Calagurri,HD080539
1764,Calagurri,HD080539
1765,Viruni,HD080571
1766,Turesus,HD080674
1767,Luco,HD081958
1768,[---],HD082134
1769,Augusta,HD082148
1770,Fano Fortunae,HD082149
1771,Traianensis,HD082151
1772,Frisav[--],HD082310
